/*        Insert user         */

insert into user (user_id, password, description, name, address, dob, phone_number, email, follower_count) 
values 
('alevis07232', 'SCERLQlGgAb8', '8% of 25 is the same as 25% of 8 and one of them is much easier to do in your head.', 'Alberto Levis', '8842 Heath Road', '1988-05-10', '0648583855', 'alevis0@google.nl', 32),
('ffoulks11785', 'uoZno3qOIci', 'She found his complete dullness interesting.', 'Francesco Foulks', '266 Pennsylvania Terrace', '1983-07-25', '0631386694', 'ffoulks1@printfriendly.com', 1),
('wmaccartney23567', 'IkQ52BZXFYE3', 'The sky is clear, the stars are twinkling.', 'Wilhelm MacCartney', '010 Luster Court', '1995-02-20', '0547114806', 'wmaccartney2@netvibes.com', 76),
('kdyerson33988', 'LwOyMZLqyvi', null, 'Kean Dyerson', '9418 Rockefeller Hill', '1985-03-29', '0547114807', 'kdyerson3@yale.edu', 38),
('csimmonds43327', 'QbaKVMS', 'With a single flip of the coin', 'Clerissa Simmonds', '47045 Schiller Street', '1980-03-07', '0547114808', 'csimmonds4@plala.or.jp', 30),
('mtrowill58157', 'aw6njk3mv', 'The gruff old man sat in the back of the bait shop grumbling to himself as he scooped out a handful of worms.', 'Melessa Trowill', '54193 Ronald Regan Circle', '1984-04-20', '0831386694', 'mtrowill5@dion.ne.jp', 7),
('isimeone64503', 'YG55oKIb', 'The best key lime pie is still up for debate.', 'Ilene Simeone', '478 Little Fleur Junction', '1983-11-27', '0831386697', 'isimeone6@lycos.com', 60),
('mgennerich79936', 'sG6tkgh', 'He didn''t understand why the bird wanted to ride the bicycle.', 'Marty Gennerich', '70 Anzinger Trail', '2002-01-10', '0831386691', 'mgennerich7@feedburner.com', 93),
('cmcavey82681', 'TnM336XfjA', 'Some bathing suits just shouldn''t be worn by some people.', 'Clarey McAvey', '69 Red Cloud Court', '1989-12-23', '0831386698', 'cmcavey8@mapy.cz', 32),
('ccurner91113', 'aznw3ttWV', 'She wasn''t sure whether to be impressed or concerned that he folded underwear in neat little packages.', 'Connie Curner', '86 Delladonna Pass', '1991-11-21', '0831386697', 'ccurner9@cloudflare.com', 91),
('apenvardena5741', 'IPCuw1ngNhB', 'He took one look at what was under the table and noped the hell out of there.', 'Adelind Penvarden', '514 Dorton Alley', '1980-03-08', '0975558887', 'apenvardena@mtv.com', 8),
('ymcbrideb6010', 'rxGDLeiK', 'She found his complete dullness interesting.', 'Yul McBride', '8 Dixon Way', '1980-03-09', '0975558888', 'ymcbrideb@constantcontact.com', 61),
('dbennionc7305', 'GOBhaZsb', null, 'Dev Bennion', '70819 Division Lane', '1986-06-17', '0975558889', 'dbennionc@amazon.co.uk', 5),
('tkochsd6968', 'T8aR2lS', null, 'Torey Kochs', '0951 Corry Junction', '1988-05-21', '0975558810', 'tkochsd@smh.com.au', 45),
('rroote3983', 'GU9bwTj98U', 'Her life in the confines of the house became her new normal.', 'Rafferty Root', '11116 Crowley Parkway', '2001-01-21', '0975558811', 'rroote@aol.com', 92),
('tsearlf887', 'MjvlTv8TJfId', 'Improve your goldfish''s physical fitness by getting him a bicycle.', 'Tucky Searl', '8 Blaine Point', '2001-01-27', '0975558812', 'tsearlf@plala.or.jp', 8),
('jgraalmang6123', 'vLHZaahR9cD', 'but that doesn''t give you the right to be mean.', 'Jolyn Graalman', '9544 Pearson Terrace', '2001-01-29', '0975558813', 'jgraalmang@latimes.com', 3),
('bmorrillyh903', '9NZn1asoqisS', null, 'Bette Morrilly', '4462 Clyde Gallagher Way', '1988-02-25', '0975558814', 'bmorrillyh@gov.uk', 74),
('mschiraki6805', 'mzjtDnsi', null, 'Morrie Schirak', '829 Manufacturers Point', '1998-08-11', '0975558815', 'mschiraki@aol.com', 99),
('gashnessj5870', 'cDQ3R9gZQgNN', 'to prove it.', 'Gene Ashness', '13678 Nancy Circle', '1998-08-12', '0975558816', 'gashnessj@marriott.com', 26),
('zmacallamk9197', 'BL5zi8vi', 'but that doesn''t give you the right to be mean.', 'Zola Macallam', '5 Utah Court', '1998-08-13', '0975558817', 'zmacallamk@ed.gov', 32),
('vrigneyl7236', 'To6TiKqJbn', null, 'Violette Rigney', '4 Atwood Center', '1998-08-19', '0975558819', 'vrigneyl@ibm.com', 99),
('dcollettm2035', '15TFrY8BAQ', 'both physical and mental', 'Denis Collett', '3 Lunder Place', '1998-08-30', '0975558710', 'dcollettm@ibm.com', 13),
('kshaylorn1312', 'fqREBB6', 'The gruff old man sat in the back of the bait shop grumbling to himself as he scooped out a handful of worms.', 'Kent Shaylor', '96 Fordem Junction', '1984-04-22', '0975578811', 'kshaylorn@foxnews.com', 95),
('acoursono4141', 'IhOeDMIC', null, 'Albertina Courson', '08 Basil Parkway', '2001-06-23', '0975458812', 'acoursono@google.com.br', 30),
('dlishmanp627', 'M1w7ENaPNQ2T', 'Malls are great places to shop, I can find everything I need under one roof.', 'Dodie Lishman', '78523 Hanson Center', '2001-06-27', '0975578813', 'dlishmanp@cmu.edu', 53),
('caceyq9430', 'x39jvYp', 'The gruff old man sat in the back of the bait shop grumbling to himself as he scooped out a handful of worms.', 'Christophe Acey', '81 Merry Park', '2001-06-27', '0977558814', 'caceyq@csmonitor.com', 62),
('tbaylayr6742', 'WD0SVAm', null, 'Tabb Baylay', '47481 Johnson Place', '2001-06-29', '0975558715', 'tbaylayr@phpbb.com', 12),
('nlowrys2349', '3ggSEzPne', 'Flesh-colored yoga pants were far worse than even he feared.', 'Nessi Lowry', '89656 Jackson Hill', '2001-06-23', '0975598816', 'nlowrys@w3.org', 34),
('rrallint138', 'hGc4wIzrHRao', null, 'Rand Rallin', '1293 Summit Court', '2001-06-23', '0975758817', 'rrallint@joomla.org', 63),
('gmccrillisu1343', 'HEpUQt3zeVX', 'to prove it.', 'Garwood McCrillis', '27 Mifflin Street', '2001-06-23', '0975557818', 'gmccrillisu@yellowbook.com', 36),
('mcussonsv3574', 'yFnhSD', 'With a single flip of the coin', 'Melba Cussons', '38580 Sutherland Avenue', '1997-03-16', '0975578819', 'mcussonsv@discovery.com', 37),
('lmugglestonw8132', 'OkpWR1WtUe', null, 'Leta Muggleston', '60 Briar Crest Avenue', '1997-03-26', '0975557810', 'lmugglestonw@house.gov', 86),
('hslaytonx2593', 'f4cAnTEbgei', 'He learned the hardest lesson of his life and had the scars', 'Helenka Slayton', '061 Ryan Lane', '1987-03-16', '0826569894', 'hslaytonx@google.cn', 85),
('kpeacockey2070', 'rwfyPiMJ', 'to prove it.', 'Karole Peacocke', '42 Haas Avenue', '1997-07-06', '0826569810', 'kpeacockey@bbb.org', 38),
('rshewz5759', 'hVvKuE8PvTD', null, 'Ricca Shew', '17 Dorton Center', '1984-12-13', '0826569811', 'rshewz@cyberchimps.com', 26),
('efenkel101909', 'jnxbeN8qPas', 'my life changed forever.', 'Ev Fenkel', '2 Tony Pass', '1997-03-16', '0826569812', 'efenkel10@hud.gov', 99),
('lgladwell11975', 'pF1j6mn11', 'He took one look at what was under the table and noped the hell out of there.', 'Laurianne Gladwell', '7 Pond Junction', '1990-11-26', '0826569813', 'lgladwell11@lycos.com', 13),
('ssuddock125420', 'XOQwYz', 'It was the best sandcastle he had ever seen.', 'Stacey Suddock', '9214 Lotheville Street', '1986-04-30', '0826569814', 'ssuddock12@de.vu', 52),
('bborton134228', 'STJ86B9wI4', null, 'Bel Borton', '63924 Red Cloud Trail', '1994-04-20', '0826569815', 'bborton13@elegantthemes.com', 68),
('cbarta146433', 'qjVdqco', 'Flesh-colored yoga pants were far worse than even he feared.', 'Claudianus Barta', null, '2003-02-24', '0826569816', 'cbarta14@sitemeter.com', 70),
('dtytler151479', 'tr7v0hTr8CLA', 'You''ve been eyeing me all day and waiting for your move like a lion stalking a gazelle in a savannah.', 'Danielle Tytler', '53407 Melrose Circle', '1980-03-21', '0826569817', 'dtytler15@dropbox.com', 61),
('rgert168644', 'PKJjlwqX5Mx', '8% of 25 is the same as 25% of 8 and one of them is much easier to do in your head.', 'Ralina Gert', '197 Trailsway Trail', '1983-11-30', '0826569818', 'rgert16@ox.ac.uk', 22),
('ibaldrick17354', 'x95Eh1', 'He learned the hardest lesson of his life and had the scars', 'Isa Baldrick', '10 Truax Center', '1990-18-18', '0826569819', 'ibaldrick17@yahoo.com', 95),
('bsaggers187756', 'kIKqjZ57', 'Erin accidentally created a new universe.', 'Barbaraanne Saggers', '0346 6th Hill', '1999-03-03', '0826889810', 'bsaggers18@rambler.ru', 26),
('dfominov197311', '8fwskEoA', 'to prove it.', 'Dolorita Fominov', '906 Hazelcrest Lane', '1997-03-16', '0826889811', 'dfominov19@bloomberg.com', 6),
('tmott1a4762', 'R1rp8OTN', 'The best key lime pie is still up for debate.', 'Tara Mott', '0741 Memorial Hill', '1992-12-14', '0826889812', 'tmott1a@timesonline.co.uk', 78),
('erihanek1b5786', 'YgvwlsvDiu', 'but that doesn''t give you the right to be mean.', 'Ephrayim Rihanek', '12 Evergreen Street', '1997-11-14', '0826889813', 'erihanek1b@mtv.com', 71),
('khathaway1c8640', 'lEzX2cBcpx', null, 'Katee Hathaway', '23 Golden Leaf Pass', '2000-11-14', '0826889814', 'khathaway1c@amazon.com', 39),
('rbatterham1d5012', '49YOJO9RLZ', 'both physical and mental', 'Rani Batterham', '16 Surrey Hill', '1997-11-14', '0826889815', 'rbatterham1d@a8.net', 65),
('wmacdermand1e5059', 'JXjJ29', '8% of 25 is the same as 25% of 8 and one of them is much easier to do in your head.', 'Whittaker MacDermand', '297 Talmadge Junction', '2003-01-01', '0826889816', 'wmacdermand1e@techcrunch.com', 9),
('mingilson1f2346', 'nRt3qC5Td', 'He didn''t understand why the bird wanted to ride the bicycle.', 'Micky Ingilson', '6 La Follette Point', '1989-07-07', '0826889817', 'mingilson1f@europa.eu', 88),
('mhouldey1g9925', 'O6p6HQu1DPeD', 'but that doesn''t give you the right to be mean.', 'Maddalena Houldey', '29417 Dixon Hill', '1991-03-27', '0826889818', 'mhouldey1g@jigsy.com', 89),
('lchappelow1h2143', 'ix9xnkXx', 'She found his complete dullness interesting.', 'Laura Chappelow', '5470 Valley Edge Parkway', '1991-02-11', '0826889819', 'lchappelow1h@joomla.org', 33),
('ataunton1i8242', 'Skk8oJ0', 'Everybody should read Chaucer to improve their everyday vocabulary.', 'Alys Taunton.', '87 Anthes Terrace', '1985-03-21', '0826889820', 'ataunton1i@utexas.edu', 41),
('jlongthorn1j1884', 'pQcW1Zy', 'Her life in the confines of the house became her new normal.', 'Jessy Longthorn', '4 Luster Terrace', '1984-06-11', '0826889821', 'jlongthorn1j@cbsnews.com', 90),
('vdarycott1k8454', 'SxRj0AT34lG', 'Her life in the confines of the house became her new normal.', 'Verney Darycott', '7257 Harbort Crossing', '2001-05-04', '0826889822', 'vdarycott1k@nymag.com', 2),
('jchoke1l1707', 'SUt7JUfVndy', 'The gruff old man sat in the back of the bait shop grumbling to himself as he scooped out a handful of worms.', 'Jarret Choke', '67 Kropf Drive', '1990-06-03', '0826889823', 'jchoke1l@uol.com.br', 74),
('hcharity1m9672', 'dDODszdcXdr', 'Her life in the confines of the house became her new normal.', 'Heriberto Charity', '7 Pine View Road', '1986-04-12', '0826889824', 'hcharity1m@t.co', 22),
('bogormally1n5833', 'ksGBINhCc', null, 'Brenna O''Gormally', null, '1986-04-17', '0826889825', 'bogormally1n@angelfire.com', 84),
('hthickett1o6893', 't01ZYO1aK', 'Some bathing suits just shouldn''t be worn by some people.', 'Hazlett Thickett', '32 Fair Oaks Court', '1983-04-12', '0826889826', 'hthickett1o@icio.us', 99),
('mschleicher1p1553', 'ocsealv', 'Everybody should read Chaucer to improve their everyday vocabulary.', 'Michal Schleicher', '5 Lake View Terrace', '1988-10-19', '0826889827', 'mschleicher1p@desdev.cn', 33),
('cmcindrew1q3255', 'dKOnWf', 'It was the best sandcastle he had ever seen.', 'Clarine McIndrew', null, '2000-04-12', '0826889828', 'cmcindrew1q@admin.ch', 83),
('efrancombe1r3224', 'Ni6Z6OLCnu6x', 'both physical and mental', 'Ellette Francombe', '9 Mosinee Trail', '1998-02-20', '0826889829', 'efrancombe1r@ihg.com', 54),
('lcrocetto1s810', '3w5EAX1n', 'The three-year-old girl ran down the beach as the kite flew behind her.', 'Lazarus Crocetto', '4 Westridge Crossing', '1981-07-31', '0826889830', 'lcrocetto1s@youtube.com', 17),
('jhabgood1t929', 'bTl3DbXvA', 'The best key lime pie is still up for debate.', 'Jaquelin Habgood', null, '1999-08-12', '0826889831', 'jhabgood1t@nhs.uk', 49),
('bwitherdon1u2772', 'wYSlLIsgyWqY', 'Erin accidentally created a new universe.', 'Bill Witherdon', '6785 Mccormick Court', '1985-09-29', '0826889832', 'bwitherdon1u@surveymonkey.com', 13),
('rleatherbarrow1v9573', 'zXmXBBvlO', 'She found his complete dullness interesting.', 'Robbi Leatherbarrow', '6494 Esker Terrace', '1985-07-29', '0826889833', 'rleatherbarrow1v@bbb.org', 71),
('zdu1w5081', 'dEWSfuK7Jw4', '8% of 25 is the same as 25% of 8 and one of them is much easier to do in your head.', 'Zelma Du Barry', '18143 Northwestern Junction', '2000-08-12', '0826889834', 'zdu1w@wikimedia.org', 49),
('bnowlan1x613', 'rDjdJ6', null, 'Briny Nowlan', '3 Eliot Hill', '1994-04-12', '0826889835', 'bnowlan1x@netvibes.com', 9),
('mdales1y2744', 'EwgdIH2', 'Improve your goldfish''s physical fitness by getting him a bicycle.', 'Mauricio Dales', '9 Meadow Ridge Place', '2001-04-07', '0826889836', 'mdales1y@weebly.com', 81),
('rcullinan1z9758', '9HmtJZ', 'It was the best sandcastle he had ever seen.', 'Rod Cullinan', '001 Little Fleur Point', '2004-10-01', '0826889837', 'rcullinan1z@youtu.be', 48),
('blangmead207918', 'EhmbP1kU', 'You''ve been eyeing me all day and waiting for your move like a lion stalking a gazelle in a savannah.', 'Bibby Langmead', '61 Marquette Terrace', '1993-03-07', '0826889838', 'blangmead20@alibaba.com', 39),
('bhamfleet211535', 'veTb84HvBb', 'It was the best sandcastle he had ever seen.', 'Bee Hamfleet', null, '1983-29-04', '0826889839', 'bhamfleet21@si.edu', 89),
('ililly228101', 'a7hhuk', 'to prove it.', 'Isadora Lilly', '8 Nelson Avenue', '1999-06-26', '0826889840', 'ililly22@flickr.com', 65),
('lsillwood231861', 'v7pnAi7cA', 'to prove it.', 'Lotta Sillwood', '151 Ridgeview Circle', '2003-01-06', '0826889841', 'lsillwood23@pinterest.com', 48),
('cbracher247304', 'hqx2eSnAIo1l', 'Her daily goal was to improve on yesterday.', 'Cris Bracher', '63 Becker Pass', '2001-03-20', '0826889842', 'cbracher24@liveinternet.ru', 3),
('nhearne258989', 'p31yHI', null, 'Nariko Hearne', '64331 Weeping Birch Parkway', '1983-03-07', '0826889843', 'nhearne25@samsung.com', 42),
('jtumioto262402', '27rODglm', 'The best key lime pie is still up for debate.', 'Jeffie Tumioto', '9 Bashford Plaza', '2001-03-01', '0826889844', 'jtumioto26@va.gov', 38),
('ahanington27348', '8dxXTEbYoz2', 'She wasn''t sure whether to be impressed or concerned that he folded underwear in neat little packages.', 'Alvy Hanington', '6 East Place', '2001-03-04', '0826889845', 'ahanington27@go.com', 28),
('czambonini288433', 'dla4NmDmuC', 'my life changed forever.', 'Carly Zambonini', '79434 Manitowish Point', '2001-03-04', '0826889846', 'czambonini28@github.io', 52),
('tradband295267', '3HgNR5O0LRw', 'It was the best sandcastle he had ever seen.', 'Terra Radband', '40029 Shopko Plaza', '2001-03-28', '0826889847', 'tradband29@va.gov', 8),
('hmahady2a879', 'AUaYZGj0x', 'The sky is clear, the stars are twinkling.', 'Hilary Mahady', '51 4th Circle', '2002-03-20', '0826889848', 'hmahady2a@mayoclinic.com', 10),
('nmcavinchey2b8857', 'OyZ8Tl8OF', 'Some bathing suits just shouldn''t be worn by some people.', 'Nate McAvinchey', '698 Park Meadow Crossing', '2002-03-20', '0826889849', 'nmcavinchey2b@biblegateway.com', 22),
('mtanswell2c9664', '4Tc05ROj5Jy', 'Everybody should read Chaucer to improve their everyday vocabulary.', 'Montague Tanswell', '30 Farwell Street', '1986-02-07', '0826889850', 'mtanswell2c@storify.com', 87),
('ckitchin2d8651', 'L3jIO4Kn5Lu', 'She found his complete dullness interesting.', 'Clem Kitchin', '4 Mallard Place', '1986-02-07', '0826889851', 'ckitchin2d@tinypic.com', 75),
('koatley2e3741', 'Q34yKoB09Sl', 'Her daily goal was to improve on yesterday.', 'Kory Oatley', '8 Susan Parkway', '1986-02-08', '0826889852', 'koatley2e@homestead.com', 24),
('mjellico2f6236', '6yhwriw', 'The gruff old man sat in the back of the bait shop grumbling to himself as he scooped out a handful of worms.', 'Melvyn Jellico', '0 Vera Park', '1986-12-07', '0826889853', 'mjellico2f@sun.com', 90),
('gcritzen2g4781', '1bCip7pdOjG', 'Her daily goal was to improve on yesterday.', 'Georgina Critzen', '2992 Laurel Plaza', '2004-02-25', '0826889854', 'gcritzen2g@mozilla.com', 75),
('kscouler2h9869', '4uyhbHHm', 'Her life in the confines of the house became her new normal.', 'Kissie Scouler', '8 Drewry Parkway', '2003-02-14', '0826889855', 'kscouler2h@japanpost.jp', 79),
('bfleckness2i2210', '0pBtFS9', 'Her daily goal was to improve on yesterday.', 'Brina Fleckness', '83 Old Shore Lane', '1983-08-19', '0826889856', 'bfleckness2i@blogs.com', 23),
('hklimkiewich2j3172', 'bpek3OG', null, 'Haze Klimkiewich', '91658 Kingsford Drive', '1980-01-21', '0826889857', 'hklimkiewich2j@state.tx.us', 81),
('ccuttell2k8806', 'o5vRczymy1lV', null, 'Cordelia Cuttell', '23 Nova Point', '2003-07-08', '0826889858', 'ccuttell2k@aboutads.info', 68),
('rwarner2l728', 'ENX8Lb1', 'You''ve been eyeing me all day and waiting for your move like a lion stalking a gazelle in a savannah.', 'Ricoriki Warner', '52 Forest Crossing', '1986-02-07', '0826889859', 'rwarner2l@constantcontact.com', 37),
('jmulleary2m2116', '0PmKyTf', 'He took one look at what was under the table and noped the hell out of there.', 'Jody Mulleary', '98 Steensland Point', '1981-09-20', '0826889860', 'jmulleary2m@europa.eu', 14),
('adorcey2n3560', 'bQRyGCI', 'Some bathing suits just shouldn''t be worn by some people.', 'Annabella Dorcey', '40 Pierstorff Circle', '2002-09-25', '0826889861', 'adorcey2n@ustream.tv', 6),
('sjoesbury2o8846', 'b2naSEtxMi6x', null, 'Shannah Joesbury', '8090 Mayfield Lane', '1994-06-30', '0826889862', 'sjoesbury2o@arizona.edu', 51),
('blamers2p3435', 'wql4K3Hz', 'He learned the hardest lesson of his life and had the scars', 'Bianka Lamers', '4106 Vera Plaza', '1995-05-26', '0826889863', 'blamers2p@furl.net', 51),
('citzak2q9923', 'IPKPVtDCQ', 'He didn''t understand why the bird wanted to ride the bicycle.', 'Cami Itzak', null, '1980-01-08', '0826889864', 'citzak2q@redcross.org', 41),
('fbattersby2r9845', 'EBXH3VbfD', 'He took one look at what was under the table and noped the hell out of there.', 'Flor Battersby', '8 East Road', '2002-12-21', '0826889865', 'fbattersby2r@wordpress.org', 43)

/*          User_Follower              */

insert into user_follower (user_id, follower_id) 
values 
('zdu1w5081', 'lsillwood231861'),
('mtrowill58157', 'lcrocetto1s810'),
('mdales1y2744', 'dlishmanp627'),
('citzak2q9923', 'alevis07232'),
('gashnessj5870', 'rshewz5759'),
('ataunton1i8242', 'dfominov197311'),
('mdales1y2744', 'nhearne258989'),
('dfominov197311', 'mschiraki6805'),
('tkochsd6968', 'wmaccartney23567'),
('nhearne258989', 'rrallint138'),
('ahanington27348', 'jgraalmang6123'),
('gmccrillisu1343', 'jlongthorn1j1884'),
('ahanington27348', 'ataunton1i8242'),
('hthickett1o6893', 'nhearne258989'),
('cmcindrew1q3255', 'zmacallamk9197'),
('lsillwood231861', 'bwitherdon1u2772'),
('mschleicher1p1553', 'rrallint138'),
('mhouldey1g9925', 'koatley2e3741'),
('ymcbrideb6010', 'ahanington27348'),
('mschleicher1p1553', 'dtytler151479'),
('tmott1a4762', 'adorcey2n3560'),
('ahanington27348', 'cmcindrew1q3255'),
('caceyq9430', 'gcritzen2g4781'),
('zmacallamk9197', 'sjoesbury2o8846'),
('jmulleary2m2116', 'ahanington27348'),
('czambonini288433', 'mjellico2f6236'),
('fbattersby2r9845', 'adorcey2n3560'),
('dfominov197311', 'vdarycott1k8454'),
('rwarner2l728', 'dfominov197311'),
('dtytler151479', 'zdu1w5081'),
('ffoulks11785', 'rrallint138'),
('hmahady2a879', 'zmacallamk9197'),
('koatley2e3741', 'ffoulks11785'),
('vdarycott1k8454', 'jgraalmang6123'),
('efenkel101909', 'mschiraki6805'),
('mingilson1f2346', 'ahanington27348'),
('ssuddock125420', 'mingilson1f2346'),
('tsearlf887', 'gashnessj5870'),
('zdu1w5081', 'acoursono4141'),
('cmcavey82681', 'hmahady2a879'),
('ccuttell2k8806', 'hthickett1o6893'),
('mdales1y2744', 'jlongthorn1j1884'),
('rgert168644', 'nmcavinchey2b8857'),
('tbaylayr6742', 'bfleckness2i2210'),
('mingilson1f2346', 'efrancombe1r3224'),
('khathaway1c8640', 'kpeacockey2070'),
('cbarta146433', 'tkochsd6968'),
('erihanek1b5786', 'rbatterham1d5012'),
('ssuddock125420', 'lcrocetto1s810'),
('tradband295267', 'caceyq9430'),
('nmcavinchey2b8857', 'zmacallamk9197'),
('gashnessj5870', 'wmaccartney23567'),
('alevis07232', 'koatley2e3741'),
('hthickett1o6893', 'hklimkiewich2j3172'),
('hthickett1o6893', 'jmulleary2m2116'),
('jlongthorn1j1884', 'jmulleary2m2116'),
('rwarner2l728', 'bhamfleet211535'),
('rshewz5759', 'hthickett1o6893'),
('kdyerson33988', 'bhamfleet211535'),
('mschleicher1p1553', 'csimmonds43327'),
('citzak2q9923', 'zdu1w5081'),
('ahanington27348', 'mtrowill58157'),
('csimmonds43327', 'hklimkiewich2j3172'),
('nmcavinchey2b8857', 'vdarycott1k8454'),
('ccurner91113', 'blangmead207918'),
('bwitherdon1u2772', 'ckitchin2d8651'),
('lsillwood231861', 'jmulleary2m2116'),
('mschiraki6805', 'efrancombe1r3224'),
('efenkel101909', 'fbattersby2r9845'),
('koatley2e3741', 'tsearlf887'),
('adorcey2n3560', 'isimeone64503'),
('fbattersby2r9845', 'dlishmanp627'),
('mdales1y2744', 'fbattersby2r9845'),
('bhamfleet211535', 'nlowrys2349'),
('bnowlan1x613', 'nhearne258989'),
('koatley2e3741', 'dbennionc7305'),
('nlowrys2349', 'gcritzen2g4781'),
('mjellico2f6236', 'kscouler2h9869'),
('citzak2q9923', 'dtytler151479'),
('tbaylayr6742', 'hklimkiewich2j3172'),
('efenkel101909', 'acoursono4141'),
('lgladwell11975', 'bhamfleet211535'),
('sjoesbury2o8846', 'nhearne258989'),
('citzak2q9923', 'adorcey2n3560'),
('gmccrillisu1343', 'tsearlf887'),
('acoursono4141', 'blamers2p3435'),
('efenkel101909', 'rrallint138'),
('fbattersby2r9845', 'mtanswell2c9664'),
('ymcbrideb6010', 'kdyerson33988'),
('gmccrillisu1343', 'czambonini288433'),
('rbatterham1d5012', 'mingilson1f2346'),
('efenkel101909', 'jlongthorn1j1884'),
('wmaccartney23567', 'tmott1a4762'),
('zdu1w5081', 'vrigneyl7236'),
('sjoesbury2o8846', 'apenvardena5741'),
('dbennionc7305', 'jchoke1l1707'),
('rleatherbarrow1v9573', 'bborton134228'),
('bhamfleet211535', 'dfominov197311'),
('jtumioto262402', 'dbennionc7305'),
('jlongthorn1j1884', 'blangmead207918')

/*               Post            */

insert into post (post_datetime, post_content, post_media, comment_count, react_count, writer_id) 
values 
('2022-01-26 18:35:45', 'the coffin was still full of Jello.', 'media.mp4', 1, 4, 'wmaccartney23567'),
('2022-02-16 20:22:51', 'Jason didn''t understand why his parents wouldn''t let him sell his little sister at the garage sale.', null, 4, 6, 'csimmonds43327'),
('2022-10-30 4:04:38', null, 'media.jpg', 4, 7, 'cmcavey82681'),
('2022-04-18 10:33:57', 'Doris enjoyed tapping her nails on the table to annoy everyone.', 'media. png', 4, 10, 'ymcbrideb6010'),
('2022-05-10 16:49:28', 'Various sea birds are elegant', 'media. png', 3, 7, 'tkochsd6968'),
('2022-05-25 5:24:49', 'Acres of almond trees lined the interstate highway which complimented the crazy driving nuts.', 'media. png', 0, 8, 'zmacallamk9197'),
('2022-03-19 6:07:16', null, 'media.mp4', 1, 9, 'kshaylorn1312'),
('2022-05-23 18:30:22', 'She wasn''t sure whether to be impressed or concerned that he folded underwear in neat little packages.', null, 1, 3, 'tbaylayr6742'),
('2022-07-11 16:12:12', 'I am never at home on Sundays.', 'media.jpg', 4, 7, 'tbaylayr6742'),
('2022-01-03 2:05:32', 'Today I heard something new and unmemorable.', null, 4, 7, 'rrallint138'),
('2022-08-27 6:07:54', 'but he was fairly useless as a mode of transport.', 'media. png', 0, 8, 'rshewz5759'),
('2022-04-27 18:38:27', 'He enjoys practicing his ballet in the bathroom.', 'media.mp4', 3, 2, 'rshewz5759'),
('2022-06-11 1:54:02', 'One small action would change her life', null, 0, 6, 'rshewz5759'),
('2022-06-26 0:45:25', 'but whether it would be for better or for worse was yet to be determined.', 'media. png', 5, 7, 'rshewz5759'),
('2022-06-09 12:51:09', 'Mom didn''t understand why no one else wanted a hot tub full of jello.', 'media. png', 0, 8, 'ataunton1i8242'),
('2022-04-26 8:46:10', 'I was fishing for compliments and accidentally caught a trout.', null, 0, 8, 'ataunton1i8242'),
('2022-10-25 14:48:46', 'Bill ran from the giraffe toward the dolphin.', null, 2, 6, 'hcharity1m9672'),
('2021-12-14 6:52:07', 'Three years later', 'media.mp4', 0, 1, 'hcharity1m9672'),
('2022-02-23 8:52:40', null, 'media.mp4', 3, 9, 'efrancombe1r3224'),
('2022-07-13 22:45:44', 'Joyce enjoyed eating pancakes with ketchup.', null, 5, 9, 'efrancombe1r3224'),
('2022-07-30 4:06:00', 'You''re good at English when you know the difference between a man eating chicken and a man-eating chicken.', 'media.jpg', 3, 2, 'mschleicher1p1553'),
('2022-08-16 15:17:41', 'but whether it would be for better or for worse was yet to be determined.', 'media. png', 3, 5, 'lsillwood231861'),
('2022-10-31 23:35:18', 'Three years later', 'media. png', 1, 3, 'lsillwood231861'),
('2022-04-29 8:04:22', 'Jerry liked to look at paintings while eating garlic ice cream.', 'media. png', 3, 1, 'blamers2p3435'),
('2022-03-09 15:45:46', 'Today I heard something new and unmemorable.', 'media.jpg', 4, 10, 'rleatherbarrow1v9573'),
('2021-12-30 6:31:22', 'Her life in the confines of the house became her new normal.', null, 0, 8, 'rleatherbarrow1v9573'),
('2022-01-30 13:48:55', 'I''ll stay away from it.', null, 4, 9, 'rleatherbarrow1v9573'),
('2022-12-03 17:44:09', 'I had a friend in high school named Rick Shaw', 'media. png', 5, 7, 'alevis07232'),
('2022-09-21 16:49:46', 'He enjoys practicing his ballet in the bathroom.', 'media.jpg', 3, 6, 'lgladwell11975'),
('2022-05-27 22:28:38', 'Her life in the confines of the house became her new normal.', 'media. png', 4, 5, 'lgladwell11975'),
('2022-12-12 0:33:29', 'He excelled at firing people nicely.', null, 0, 1, 'mtrowill58157'),
('2022-01-03 9:33:00', 'There was no telling what thoughts would come from the machine.', 'media.mp4', 0, 1, 'dfominov197311'),
('2022-10-19 19:14:35', 'The gloves protect my feet from excess work.', null, 0, 0, 'mschleicher1p1553'),
('2022-06-19 12:32:00', 'The gloves protect my feet from excess work.', null, 0, 0, 'dfominov197311'),
('2022-06-05 6:25:02', 'The chic gangster liked to start the day with a pink scarf.', null, 0, 0, 'dfominov197311'),
('2022-11-17 22:23:02', 'I am never at home on Sundays.', null, 0, 0, 'dfominov197311'),
('2021-12-22 15:42:02', 'Doris enjoyed tapping her nails on the table to annoy everyone.', null, 0, 0, 'ataunton1i8242'),
('2022-02-04 13:59:29', 'Hello I''m a cello', null, 0, 0, 'hcharity1m9672'),
('2022-05-24 13:15:06', 'Chicken nuggets', 'media.jpg', 0, 0, 'ymcbrideb6010'),
('2022-08-03 4:06:11', 'Good dog', 'media.mp4', 0, 0, 'tkochsd6968')

/*         Group        */

insert into group (group_name, group_description, member_count, manager_id) 
values 
('League of Legends Group', 'League of legends is a multi-player online battle arena video game developed by Riot Games and players from all over the world compete daily in ranked matches.', 49, 'kdyerson33988'),
('Computer Networks Group', 'Computer networks are complex and you need a solid understanding of their basics. This group gives you the information you need to understand how computer networks work why they''re needed and how to choose a network for your network.', 70, 'hslaytonx2593'),
('Database system Group', 'The database system group was created to help you get good grades in your database systems course.', 30, 'ibaldrick17354'),
('HCMUT Group', 'HCMUT is a leading university in Vietnam with more than 20 Years of experience. We provide the best education and training in Vietnam. HCMUT is an independent education and training provider.', 85, 'jtumioto262402'),
('Harvard Group', 'Harvard University is the oldest institution of higher education in the United States. The university has over 35 000 students enrolled in its graduate and undergraduate programs.', 37, 'kscouler2h9869'),
('FO4 Group', 'The game of football is so popular that it has been translated into many languages and it''s no wonder why.', 27, 'fbattersby2r9845'),
('Tran Cong Huy Hoang Fanclub Group', 'Tran Cong Huy Hoang is a Vietnamese scientist from Ho Chi Minh city Vietnam .The first person to have played chess in space where he became the first to play a game in space and the first to win a game in space.', 25, 'hklimkiewich2j3172'),
('BTS fanclub Group', 'BTS is a seven-member South Korean boy group formed by Big Hit Entertainment.', 16, 'rbatterham1d5012'),
('Gamers Group', 'A group for all gamers in the world. We have a lot of games in our group. We have decided to make a group for gamers!!!', 29, 'tbaylayr6742'),
('Meme Group', 'Memes are popping up all over the internet', 34, 'ccurner91113')

/*        Group Member         */

insert into group_member (member_id, group_id) 
values 
('alevis07232', 5),
('ffoulks11785', 6),
('wmaccartney23567', 1),
('kdyerson33988', 5),
('csimmonds43327', 10),
('mtrowill58157', 10),
('isimeone64503', 1),
('mgennerich79936', 1),
('cmcavey82681', 10),
('ccurner91113', 8),
('apenvardena5741', 8),
('ymcbrideb6010', 8),
('dbennionc7305', 5),
('tkochsd6968', 9),
('rroote3983', 10),
('tsearlf887', 6),
('jgraalmang6123', 10),
('bmorrillyh903', 6),
('mschiraki6805', 6),
('gashnessj5870', 10),
('zmacallamk9197', 10),
('vrigneyl7236', 9),
('dcollettm2035', 5),
('kshaylorn1312', 6),
('acoursono4141', 6),
('dlishmanp627', 7),
('caceyq9430', 8),
('tbaylayr6742', 3),
('nlowrys2349', 4),
('rrallint138', 4),
('gmccrillisu1343', 1),
('mcussonsv3574', 1),
('lmugglestonw8132', 4),
('hslaytonx2593', 8),
('kpeacockey2070', 8),
('rshewz5759', 6),
('efenkel101909', 10),
('lgladwell11975', 7),
('ssuddock125420', 4),
('bborton134228', 1),
('cbarta146433', 7),
('dtytler151479', 9),
('rgert168644', 4),
('ibaldrick17354', 10),
('bsaggers187756', 10),
('dfominov197311', 4),
('tmott1a4762', 10),
('erihanek1b5786', 1),
('khathaway1c8640', 3),
('rbatterham1d5012', 8),
('wmacdermand1e5059', 5),
('mingilson1f2346', 4),
('mhouldey1g9925', 8),
('lchappelow1h2143', 6),
('ataunton1i8242', 7),
('jlongthorn1j1884', 10),
('vdarycott1k8454', 9),
('jchoke1l1707', 2),
('hcharity1m9672', 5),
('bogormally1n5833', 10),
('hthickett1o6893', 10),
('mschleicher1p1553', 1),
('cmcindrew1q3255', 9),
('efrancombe1r3224', 5),
('lcrocetto1s810', 4),
('jhabgood1t929', 1),
('bwitherdon1u2772', 1),
('rleatherbarrow1v9573', 5),
('zdu1w5081', 2),
('bnowlan1x613', 5),
('mdales1y2744', 3),
('rcullinan1z9758', 4),
('blangmead207918', 10),
('bhamfleet211535', 7),
('ililly228101', 5),
('lsillwood231861', 3),
('cbracher247304', 4),
('nhearne258989', 8),
('jtumioto262402', 8),
('ahanington27348', 2),
('czambonini288433', 6),
('tradband295267', 2),
('hmahady2a879', 1),
('nmcavinchey2b8857', 8),
('mtanswell2c9664', 3),
('ckitchin2d8651', 6),
('koatley2e3741', 3),
('mjellico2f6236', 10),
('gcritzen2g4781', 8),
('kscouler2h9869', 9),
('bfleckness2i2210', 5),
('hklimkiewich2j3172', 6),
('ccuttell2k8806', 5),
('rwarner2l728', 5),
('jmulleary2m2116', 4),
('adorcey2n3560', 1),
('sjoesbury2o8846', 5),
('blamers2p3435', 2),
('citzak2q9923', 6),
('fbattersby2r9845', 8)

/*         Group post           */

insert into group_post (post_id, group_id) 
values 
(2, 5),
(4, 3),
(6, 10),
(8, 7),
(10, 4),
(12, 6),
(14, 9),
(16, 4),
(18, 3),
(20, 7),
(22, 1),
(24, 2),
(26, 8),
(28, 10),
(30, 5)

/*       personal_post        */

insert into personal_post (post_id, post_privacy) 
values 
(31, 'public'),
(32, 'public'),
(33, 'private'),
(34, 'private'),
(35, 'public'),
(36, 'private'),
(37, 'public'),
(38, 'private'),
(39, 'private'),
(40, 'public')

/*        Comment            */

insert into comment (comment_content, comment_datetime, react_count, writer_id) 
values  
('She wore green lipstick like a fashion icon.', '2022-07-01 22:54:44', 2, 'dlishmanp627'),
('In hopes of finding out the truth he entered the one-room library.', '2022-07-03 18:35:17', 3, 'wmaccartney23567'),
('He found the chocolate covered roaches quite tasty.', '2022-05-22 09:29:55', 3, 'zdu1w5081'),
('For some unfathomable reason the response team did not consider a lack of milk for my cereal as a proper emergency.', '2022-09-18 03:33:52', 3, 'blamers2p3435'),
('Nancy decided to make the porta-potty her home.', '2022-04-12 14:18:28', 0, 'lcrocetto1s810'),
('When confronted with a rotary dial phone the teenager was perplexed.', '2022-05-01 08:05:08', 2, 'lcrocetto1s810'),
('The quick brown fox jumps over the lazy dog.', '2021-12-30 03:02:07', 2, 'wmaccartney23567'),
('Everyone says they love nature until they realize how dangerous she can be.', '2022-11-08 19:15:32', 0, 'bnowlan1x613'),
('The ants enjoyed the barbecue more than the family.', '2022-06-17 07:54:00', 0, 'jlongthorn1j1884'),
('The bullet pierced the window shattering it before missing Danny has head by mere millimeters.', '2022-06-04 11:39:09', 2, 'cbarta146433'),
('Most shark attacks occur about 10 feet from the beach since that is where the people are.', '2022-09-23 21:40:04', 2, 'mhouldey1g9925'),
('Boulders lined the side of the road foretelling what could come next.', '2022-09-24 23:51:29', 0, 'vrigneyl7236'),
('His son quipped that power bars were nothing more than adult candy bars.', '2022-10-10 21:07:57', 0, 'bhamfleet211535'),
('Dan took the deep dive down the rabbit hole.', '2022-08-08 16:00:10', 3, 'efenkel101909'),
('You realize you are not alone as you sit in your bedroom massaging your calves after a long day of playing tug-of-war with Grandpa Joe in the hospital.', '2022-04-09 02:21:09', 2, 'efenkel101909'),
('The beauty of the African sunset disguised the danger lurking nearby.', '2022-10-31 23:39:12', 2, 'rrallint138'),
('The sky is clear, the stars are twinkling.', '2022-09-19 16:39:13', 0, 'erihanek1b5786'),
('He was sure the Devil created red sparkly glitter.', '2022-11-11 06:57:11', 2, 'dlishmanp627'),
('Tomorrow will bring something new so leave today as a memory.', '2022-04-21 12:04:35', 3, 'rwarner2l728'),
('Flesh-colored yoga pants were far worse than even he feared.', '2022-08-18 09:42:26', 3, 'mtrowill58157'),
('As you consider all the possible ways to improve yourself and the world you notice John Travolta seems fairly unhappy.', '2021-12-18 15:05:45', 3, 'lmugglestonw8132'),
('When transplanting seedlings candied teapots will make the task easier.', '2022-05-04 23:58:37', 2, 'lcrocetto1s810'),
('It dawned on her that others could make her happier but only she could make herself happy.', '2022-09-22 09:24:04', 3, 'czambonini288433'),
('The snow-covered path was no help in finding his way out of the back-country.', '2022-04-23 09:13:44', 3, 'cmcindrew1q3255'),
('Nancy decided to make the porta-potty her home.', '2022-09-25 01:05:05', 0, 'nmcavinchey2b8857'),
('Tomorrow will bring something new so leave today as a memory.', '2022-09-24 19:25:21', 1, 'tradband295267'),
('As she walked along the street and looked in the gutter she realized facemasks had become the new cigarette butts.', '2022-06-27 19:26:35', 1, 'mjellico2f6236'),
('The blinking lights of the antenna tower came into focus just as I heard a loud snap.', '2022-05-08 03:28:13', 3, 'dbennionc7305'),
('He took one look at what was under the table and noped the hell out of there.', '2022-04-17 03:10:13', 3, 'jhabgood1t929'),
('The small white buoys marked the location of hundreds of crab pots.', '2022-04-27 03:51:45', 2, 'mtanswell2c9664'),
('The shark-infested South Pine channel was the only way in or out.', '2022-01-10 10:39:03', 1, 'hcharity1m9672'),
('Thigh-high in the water the fishermans hope for dinner soon turned to despair.', '2022-03-08 12:55:35', 1, 'ililly228101'),
('The shark-infested South Pine channel was the only way in or out.', '2022-07-28 12:01:21', 0, 'ymcbrideb6010'),
('She could hear him in the shower singing with a joy she hoped he would retain after she delivered the news.', '2022-07-02 08:56:56', 0, 'rleatherbarrow1v9573'),
('The sunblock was handed to the girl before practice but the burned skin was proof she did not apply it.', '2022-03-29 15:59:52', 3, 'rrallint138'),
('The bullet pierced the window shattering it before missing Danny has head by mere millimeters.', '2022-04-11 16:11:25', 2, 'wmacdermand1e5059'),
('The shark-infested South Pine channel was the only way in or out.', '2022-04-30 03:50:04', 2, 'bwitherdon1u2772'),
('Mothers spend months of their lives waiting on their children.', '2022-07-18 15:22:42', 0, 'nlowrys2349'),
('There is an art to getting your way and spitting olive pits across the table is not it.', '2022-09-09 20:15:17', 0, 'rgert168644'),
('The sky is clear, the stars are twinkling.', '2022-12-08 23:32:29', 0, 'koatley2e3741'),
('Beach-combing replaced wine tasting as his new obsession.', '2022-09-08 03:48:26', 3, 'ibaldrick17354'),
('I received a heavy fine but it failed to crush my spirit.', '2022-11-03 16:27:15', 3, 'hslaytonx2593'),
('He always wore his sunglasses at night.', '2022-09-05 06:31:02', 1, 'sjoesbury2o8846'),
('We should play with legos at camp.', '2022-07-14 08:28:58', 1, 'ssuddock125420'),
('After exploring the abandoned building he started to believe in ghosts.', '2022-01-20 15:38:27', 0, 'ahanington27348'),
('As you consider all the possible ways to improve yourself and the world you notice John Travolta seems fairly unhappy.', '2022-06-15 15:18:01', 0, 'csimmonds43327'),
('but this was not it.', '2022-10-02 07:11:53', 2, 'ahanington27348'),
('She had a difficult time owning up to her own crazy self.', '2022-03-19 05:42:10', 1, 'sjoesbury2o8846'),
('They called out her name time and again but were met with nothing but silence.', '2022-08-11 10:10:35', 1, 'lgladwell11975'),
('Weather is not trivial - its especially important when you are standing in it.', '2022-10-31 16:01:05', 0, 'ccurner91113'),
('She insisted that cleaning out your closet was the key to good driving.', '2022-09-07 06:46:49', 0, 'blamers2p3435'),
('There are not enough towels in the world to stop the sewage flowing from his mouth.', '2022-11-07 11:44:19', 2, 'hklimkiewich2j3172'),
('Its never been my responsibility to glaze the donuts.', '2022-05-02 12:31:38', 0, 'ckitchin2d8651'),
('Pantyhose and heels are an interesting choice of attire for the beach.', '2022-03-27 22:59:22', 0, 'hslaytonx2593'),
('There should have been a time and a place', '2022-11-26 07:23:08', 0, 'alevis07232'),
('When transplanting seedlings candied teapots will make the task easier.', '2022-03-09 23:51:49', 3, 'nmcavinchey2b8857'),
('Siri became confused when we reused to follow her directions.', '2022-09-17 04:19:45', 3, 'rshewz5759'),
('Peter found road kill an excellent way to save money on dinner.', '2022-07-04 01:58:24', 3, 'apenvardena5741'),
('The beauty of the African sunset disguised the danger lurking nearby.', '2021-12-28 10:31:14', 1, 'nmcavinchey2b8857'),
('The snow-covered path was no help in finding his way out of the back-country.', '2022-10-07 21:54:30', 2, 'mschleicher1p1553'),
('At that moment she realized she had a sixth sense.', '2022-01-23 00:13:14', 2, 'rrallint138'),
('The dead trees waited to be ignited by the smallest spark and seek their revenge.', '2022-11-10 05:05:41', 2, 'ssuddock125420'),
('Watching the geriatric softball team brought back memories of 3 year olds playing t-ball.', '2022-12-03 03:20:54', 0, 'koatley2e3741'),
('Tomorrow will bring something new so leave today as a memory.', '2022-07-31 16:02:50', 3, 'jtumioto262402'),
('A song can make or ruin a persons day if they let it get to them.', '2022-01-30 18:26:22', 2, 'ccuttell2k8806'),
('Watching the geriatric softball team brought back memories of 3 year olds playing t-ball.', '2022-07-17 01:14:59', 2, 'dfominov197311'),
('The fact that there is a stairway to heaven and a highway to hell explains life well.', '2022-11-27 23:45:02', 3, 'cbracher247304'),
('Tomorrow will bring something new so leave today as a memory.', '2022-07-16 18:10:31', 0, 'dbennionc7305'),
('It was the first time he had ever seen someone cook dinner on an elephant.', '2022-04-28 15:19:56', 0, 'erihanek1b5786'),
('I am counting my calories yet I really want dessert.', '2022-01-09 10:57:08', 0, 'dtytler151479'),
('As she walked along the street and looked in the gutter she realized facemasks had become the new cigarette butts.', '2022-03-17 13:05:11', 2, 'gmccrillisu1343'),
('You realize you are not alone as you sit in your bedroom massaging your calves after a long day of playing tug-of-war with Grandpa Joe in the hospital.', '2022-04-05 04:49:26', 3, 'mingilson1f2346'),
('He would only survive if he kept the fire going and he could hear thunder in the distance.', '2022-11-07 23:48:41', 0, 'cmcavey82681'),
('She insisted that cleaning out your closet was the key to good driving.', '2022-09-03 07:17:10', 0, 'rroote3983'),
('The ants enjoyed the barbecue more than the family.', '2022-03-11 21:59:12', 0, 'ccurner91113'),
('Combines are no longer just for farms.', '2022-10-01 22:23:14', 3, 'vrigneyl7236'),
('They called out her name time and again but were met with nothing but silence.', '2022-04-27 18:59:24', 0, 'ccurner91113'),
('Traveling became almost extinct during the pandemic.', '2022-11-28 01:37:28', 2, 'rwarner2l728'),
('They are playing the piano while flying in the plane.', '2022-08-01 13:00:08', 3, 'dcollettm2035'),
('His son quipped that power bars were nothing more than adult candy bars.', '2022-09-26 07:29:19', 2, 'apenvardena5741'),
('but this was not it.', '2022-03-29 18:49:39', 1, 'koatley2e3741'),
('His son quipped that power bars were nothing more than adult candy bars.', '2022-11-01 07:46:53', 1, 'cmcavey82681'),
('Even though he thought the world was flat he didnt see the irony of wanting to travel around the world.', '2022-10-14 16:12:40', 3, 'mcussonsv3574'),
('Combines are no longer just for farms.', '2022-10-11 01:54:43', 0, 'wmaccartney23567'),
('The stench from the feedlot permeated the car despite having the air conditioning on recycled air.', '2022-10-01 01:17:26', 3, 'alevis07232'),
('One small action would change her life but whether it would be for better or for worse was yet to be determined.', '2022-03-27 23:21:02', 1, 'ccuttell2k8806'),
('The snow-covered path was no help in finding his way out of the back-country.', '2022-11-16 22:24:49', 0, 'bfleckness2i2210'),
('Peter found road kill an excellent way to save money on dinner.', '2022-12-05 06:43:30', 3, 'hklimkiewich2j3172'),
('Combines are no longer just for farms.', '2022-09-02 01:48:20', 0, 'csimmonds43327'),
('It was the best sandcastle he had ever seen.', '2022-09-26 09:42:39', 2, 'rgert168644'),
('He had concluded that pigs must be able to fly in Hog Heaven.', '2022-09-29 15:19:31', 0, 'blangmead207918'),
('It would have been a better night if the guys next to us were not in the splash zone.', '2022-08-27 04:18:38', 0, 'jmulleary2m2116'),
('The gloves protect my feet from excess work.', '2022-10-08 15:42:22', 2, 'jmulleary2m2116'),
('As you consider all the possible ways to improve yourself and the world you notice John Travolta seems fairly unhappy.', '2022-11-12 18:00:00', 0, 'rcullinan1z9758'),
('It dawned on her that others could make her happier but only she could make herself happy.', '2022-09-04 16:22:33', 0, 'vdarycott1k8454'),
('She found his complete dullness interesting.', '2022-11-02 12:59:07', 3, 'ahanington27348'),
('Combines are no longer just for farms.', '2021-12-22 23:47:40', 3, 'bwitherdon1u2772'),
('He was disappointed when he found the beach to be so sandy and the sun so sunny.', '2022-11-26 01:57:41', 1, 'ccuttell2k8806'),
('Traveling became almost extinct during the pandemic.', '2022-04-07 17:48:38', 2, 'dtytler151479'),
('It dawned on her that others could make her happier but only she could make herself happy.', '2022-10-03 03:33:29', 3, 'tmott1a4762'),
('The blinking lights of the antenna tower came into focus just as I heard a loud snap.', '2022-12-10 13:03:13', 1, 'jhabgood1t929'),
('He found the chocolate covered roaches quite tasty.', '2021-12-29 14:00:32', 0, 'gcritzen2g4781'),
('She wore green lipstick like a fashion icon.', '2022-08-11 22:05:18', 3, 'hthickett1o6893'),
('He had concluded that pigs must be able to fly in Hog Heaven.', '2022-05-07 09:25:31', 0, 'hcharity1m9672'),
('Some bathing suits just shouldnt be worn by some people.', '2022-12-07 11:59:42', 3, 'vdarycott1k8454'),
('Dan took the deep dive down the rabbit hole.', '2022-12-05 22:36:43', 2, 'gcritzen2g4781'),
('Despite multiple complications and her near-death experience', '2022-09-24 03:25:59', 2, 'ffoulks11785'),
('She works two jobs to make ends meet, at least', '2022-08-17 15:09:09', 1, 'alevis07232'),
('I liked their first two albums but changed my mind after that charity gig.', '2021-12-26 11:16:24', 3, 'alevis07232'),
('As she walked along the street and looked in the gutter she realized facemasks had become the new cigarette butts.', '2022-09-26 11:18:18', 2, 'mgennerich79936'),
('I am happy to take your donation, any amount will be greatly appreciated.', '2022-08-19 03:53:14', 1, 'cmcindrew1q3255'),
('It was the first time he had ever seen someone cook dinner on an elephant.', '2022-10-04 13:14:39', 3, 'kshaylorn1312'),
('Mary plays the piano.', '2022-09-29 16:28:01', 1, 'ibaldrick17354'),
('Tomorrow will bring something new so leave today as a memory.', '2022-05-16 07:23:43', 3, 'rleatherbarrow1v9573'),
('The snow-covered path was no help in finding his way out of the back-country.', '2022-11-15 20:21:21', 2, 'ckitchin2d8651'),
('The quick brown fox jumps over the lazy dog.', '2022-10-28 05:59:00', 2, 'rroote3983'),
('No matter how beautiful the sunset it saddened her knowing she was one day older.', '2022-12-18 20:06:17', 3, 'citzak2q9923'),
('It was her first experience training a rainbow unicorn.', '2022-06-23 13:23:45', 0, 'efrancombe1r3224'),
('A song can make or ruin a persons day if they let it get to them.', '2022-11-07 05:33:51', 1, 'cmcindrew1q3255'),
('I currently have 4 windows open up… and I dont know why.', '2022-10-10 04:07:41', 1, 'tkochsd6968'),
('Pantyhose and heels are an interesting choice of attire for the beach.', '2022-12-05 21:31:29', 3, 'mingilson1f2346'),
('She found his complete dullness interesting.', '2022-11-10 05:22:40', 1, 'zmacallamk9197'),
('If my calculator had a history it would be more embarrassing than my browser history.', '2022-05-06 00:49:26', 2, 'hthickett1o6893'),
('I am happy to take your donation, any amount will be greatly appreciated.', '2022-12-09 09:44:20', 0, 'rgert168644'),
('I would have gotten the promotion but my attendance wasnt good enough.', '2022-05-05 07:31:30', 0, 'ckitchin2d8651'),
('Flesh-colored yoga pants were far worse than even he feared.', '2022-06-30 18:08:45', 1, 'wmaccartney23567'),
('As she walked along the street and looked in the gutter she realized facemasks had become the new cigarette butts.', '2022-04-27 01:58:46', 0, 'gcritzen2g4781'),
('You cant compare apples and oranges but what about bananas and plantains?', '2022-11-29 06:39:25', 0, 'kdyerson33988'),
('Despite multiple complications and her near-death experience', '2022-03-06 02:39:42', 0, 'mschiraki6805'),
('You cant compare apples and oranges but what about bananas and plantains?', '2022-12-09 01:16:46', 2, 'alevis07232'),
('One small action would change her life but whether it would be for better or for worse was yet to be determined.', '2022-10-01 07:50:55', 1, 'rbatterham1d5012'),
('I currently have 4 windows open up… and I dont know why.', '2022-12-27 09:44:56', 1, 'mhouldey1g9925'),
('Combines are no longer just for farms.', '2022-12-08 06:20:30', 1, 'rroote3983'),
('Boulders lined the side of the road foretelling what could come next.', '2022-09-30 22:26:38', 1, 'bhamfleet211535'),
('The dead trees waited to be ignited by the smallest spark and seek their revenge.', '2022-08-18 13:18:06', 0, 'adorcey2n3560'),
('He picked up trash in his spare time to dump in his neighbors yard.', '2022-04-16 13:46:35', 0, 'kpeacockey2070'),
('Most shark attacks occur about 10 feet from the beach since that is where the people are.', '2022-10-14 09:11:31', 2, 'lsillwood231861'),
('8% of 25 is the same as 25% of 8 and one of them is much easier to do in your head.', '2022-09-12 16:44:37', 3, 'bmorrillyh903'),
('The sunblock was handed to the girl before practice but the burned skin was proof she did not apply it.', '2022-12-30 03:17:20', 1, 'mtanswell2c9664'),
('It was her first experience training a rainbow unicorn.', '2022-12-26 23:25:20', 0, 'citzak2q9923'),
('He had concluded that pigs must be able to fly in Hog Heaven.', '2022-08-11 03:37:39', 1, 'bfleckness2i2210'),
('No matter how beautiful the sunset it saddened her knowing she was one day older.', '2022-02-22 04:46:01', 3, 'jgraalmang6123'),
('She wore green lipstick like a fashion icon.', '2022-03-21 02:15:36', 0, 'vdarycott1k8454'),
('The dead trees waited to be ignited by the smallest spark and seek their revenge.', '2022-09-07 20:59:40', 2, 'mhouldey1g9925'),
('I know many children ask for a pony but I wanted a bicycle with rockets strapped to it.', '2022-04-27 00:43:09', 2, 'jchoke1l1707'),
('The sky is clear, the stars are twinkling.', '2022-12-20 18:14:22', 1, 'lcrocetto1s810'),
('If my calculator had a history it would be more embarrassing than my browser history.', '2022-11-22 14:07:48', 1, 'hmahady2a879'),
('He had concluded that pigs must be able to fly in Hog Heaven.', '2022-05-03 16:11:32', 0, 'gmccrillisu1343'),
('Despite multiple complications and her near-death experience', '2022-11-16 02:44:06', 2, 'mgennerich79936'),
('He went on a whiskey diet and immediately lost three days.', '2022-11-11 12:44:14', 2, 'kdyerson33988')

/*       Comment reaction      */

insert into comment_user_reaction (user_id, reaction_type, comment_id) 
values 
('bwitherdon1u2772', 'sad', 1),
('lcrocetto1s810', 'haha', 1),
('dlishmanp627', 'love', 2),
('rcullinan1z9758', 'sad', 2),
('bsaggers187756', 'like', 2),
('lmugglestonw8132', 'angry', 3),
('blamers2p3435', 'haha', 3),
('jlongthorn1j1884', 'haha', 3),
('ccuttell2k8806', 'love', 4),
('fbattersby2r9845', 'haha', 4),
('jchoke1l1707', 'love', 4),
('zmacallamk9197', 'like', 6),
('cmcavey82681', 'like', 6),
('ibaldrick17354', 'love', 7),
('efenkel101909', 'sad', 7),
('bwitherdon1u2772', 'haha', 10),
('ffoulks11785', 'sad', 10),
('wmaccartney23567', 'sad', 11),
('jlongthorn1j1884', 'sad', 11),
('zmacallamk9197', 'angry', 14),
('cmcindrew1q3255', 'angry', 14),
('bsaggers187756', 'angry', 14),
('rroote3983', 'love', 15),
('isimeone64503', 'angry', 15),
('vrigneyl7236', 'haha', 16),
('zmacallamk9197', 'angry', 16),
('dcollettm2035', 'haha', 18),
('rshewz5759', 'love', 18),
('rrallint138', 'haha', 19),
('mcussonsv3574', 'love', 19),
('mcussonsv3574', 'love', 19),
('vdarycott1k8454', 'like', 20),
('vrigneyl7236', 'sad', 20),
('lmugglestonw8132', 'angry', 20),
('bsaggers187756', 'love', 21),
('vrigneyl7236', 'like', 21),
('bwitherdon1u2772', 'like', 21),
('wmaccartney23567', 'angry', 22),
('tmott1a4762', 'love', 22),
('jgraalmang6123', 'love', 23),
('apenvardena5741', 'haha', 23),
('lcrocetto1s810', 'sad', 23),
('isimeone64503', 'like', 24),
('ccuttell2k8806', 'love', 24),
('citzak2q9923', 'haha', 24),
('zdu1w5081', 'love', 26),
('lcrocetto1s810', 'like', 27),
('ymcbrideb6010', 'haha', 28),
('rrallint138', 'sad', 28),
('vrigneyl7236', 'love', 28),
('bwitherdon1u2772', 'angry', 29),
('citzak2q9923', 'like', 29),
('vdarycott1k8454', 'love', 29),
('mschiraki6805', 'love', 30),
('tsearlf887', 'sad', 30),
('dbennionc7305', 'angry', 31),
('erihanek1b5786', 'sad', 32),
('efenkel101909', 'like', 35),
('lmugglestonw8132', 'haha', 35),
('citzak2q9923', 'like', 35),
('lmugglestonw8132', 'angry', 36),
('dlishmanp627', 'haha', 36),
('adorcey2n3560', 'haha', 37),
('fbattersby2r9845', 'angry', 37),
('bsaggers187756', 'sad', 41),
('efrancombe1r3224', 'like', 41),
('rshewz5759', 'angry', 41),
('dbennionc7305', 'like', 42),
('kpeacockey2070', 'haha', 42),
('dlishmanp627', 'sad', 42),
('ccuttell2k8806', 'haha', 43),
('dbennionc7305', 'sad', 44),
('vrigneyl7236', 'sad', 47),
('bsaggers187756', 'love', 47),
('tbaylayr6742', 'love', 48),
('apenvardena5741', 'love', 49),
('apenvardena5741', 'sad', 52),
('acoursono4141', 'like', 52),
('lcrocetto1s810', 'like', 56),
('tmott1a4762', 'sad', 56),
('lmugglestonw8132', 'love', 56),
('apenvardena5741', 'love', 57),
('blamers2p3435', 'haha', 57),
('kpeacockey2070', 'like', 57),
('dcollettm2035', 'sad', 58),
('kdyerson33988', 'angry', 58),
('citzak2q9923', 'love', 58),
('efenkel101909', 'like', 59),
('dbennionc7305', 'like', 60),
('hslaytonx2593', 'love', 60),
('kshaylorn1312', 'angry', 61),
('bsaggers187756', 'sad', 61),
('bmorrillyh903', 'haha', 62),
('bwitherdon1u2772', 'haha', 62),
('mgennerich79936', 'angry', 64),
('vrigneyl7236', 'haha', 64),
('kpeacockey2070', 'like', 64),
('gashnessj5870', 'angry', 65),
('rroote3983', 'angry', 65),
('mhouldey1g9925', 'angry', 66),
('tkochsd6968', 'love', 66),
('hslaytonx2593', 'like', 67),
('acoursono4141', 'haha', 67),
('mgennerich79936', 'like', 67),
('mdales1y2744', 'love', 71),
('tmott1a4762', 'haha', 71),
('kdyerson33988', 'haha', 72),
('ccurner91113', 'love', 72),
('cmcavey82681', 'love', 72),
('wmacdermand1e5059', 'like', 76),
('cmcavey82681', 'angry', 76),
('tbaylayr6742', 'like', 76),
('adorcey2n3560', 'love', 78),
('dcollettm2035', 'angry', 78),
('ccurner91113', 'haha', 79),
('citzak2q9923', 'like', 79),
('rcullinan1z9758', 'haha', 79),
('mschiraki6805', 'haha', 80),
('mtrowill58157', 'like', 80),
('wmaccartney23567', 'haha', 81),
('bnowlan1x613', 'love', 82),
('citzak2q9923', 'haha', 83),
('mgennerich79936', 'like', 83),
('tbaylayr6742', 'sad', 83),
('mingilson1f2346', 'love', 85),
('mhouldey1g9925', 'haha', 85),
('wmacdermand1e5059', 'sad', 85),
('hslaytonx2593', 'haha', 86),
('jgraalmang6123', 'haha', 88),
('apenvardena5741', 'angry', 88),
('adorcey2n3560', 'angry', 88),
('dlishmanp627', 'sad', 90),
('tbaylayr6742', 'haha', 90),
('gashnessj5870', 'sad', 93),
('rgert168644', 'angry', 93),
('fbattersby2r9845', 'sad', 96),
('ccurner91113', 'haha', 96),
('blamers2p3435', 'like', 96),
('ffoulks11785', 'like', 97),
('tbaylayr6742', 'haha', 97),
('ccuttell2k8806', 'love', 97),
('mcussonsv3574', 'love', 98),
('citzak2q9923', 'sad', 99),
('tsearlf887', 'sad', 99),
('adorcey2n3560', 'like', 100),
('rrallint138', 'angry', 100),
('rrallint138', 'like', 100),
('lcrocetto1s810', 'angry', 101),
('gashnessj5870', 'angry', 103),
('dbennionc7305', 'angry', 103),
('mtrowill58157', 'love', 103),
('mdales1y2744', 'haha', 105),
('vrigneyl7236', 'sad', 105),
('bmorrillyh903', 'sad', 105),
('tsearlf887', 'love', 106),
('ccuttell2k8806', 'love', 106),
('mtrowill58157', 'sad', 107),
('mschiraki6805', 'like', 107),
('vdarycott1k8454', 'like', 108),
('rgert168644', 'love', 109),
('kdyerson33988', 'like', 109),
('zdu1w5081', 'angry', 109),
('tkochsd6968', 'like', 110),
('rgert168644', 'haha', 110),
('ccuttell2k8806', 'love', 111),
('rleatherbarrow1v9573', 'angry', 112),
('kdyerson33988', 'love', 112),
('mcussonsv3574', 'like', 112),
('tsearlf887', 'angry', 113),
('tsearlf887', 'sad', 114),
('wmacdermand1e5059', 'like', 114),
('rcullinan1z9758', 'angry', 114),
('mschleicher1p1553', 'haha', 115),
('mcussonsv3574', 'sad', 116),
('jgraalmang6123', 'haha', 116),
('erihanek1b5786', 'sad', 117),
('mcussonsv3574', 'angry', 117),
('dcollettm2035', 'like', 117),
('fbattersby2r9845', 'haha', 119),
('efenkel101909', 'like', 120),
('wmaccartney23567', 'like', 121),
('rrallint138', 'angry', 121),
('efrancombe1r3224', 'haha', 121),
('vdarycott1k8454', 'angry', 122),
('rroote3983', 'sad', 123),
('lmugglestonw8132', 'like', 123),
('tbaylayr6742', 'sad', 126),
('caceyq9430', 'like', 128),
('tsearlf887', 'like', 130),
('bmorrillyh903', 'sad', 130),
('mcussonsv3574', 'sad', 131),
('zdu1w5081', 'haha', 132),
('jgraalmang6123', 'like', 133),
('apenvardena5741', 'love', 137),
('tsearlf887', 'like', 137),
('zmacallamk9197', 'love', 138),
('bmorrillyh903', 'angry', 138),
('mschleicher1p1553', 'sad', 138),
('adorcey2n3560', 'like', 139),
('caceyq9430', 'love', 141),
('rshewz5759', 'like', 142),
('rroote3983', 'haha', 142),
('hslaytonx2593', 'like', 142),
('erihanek1b5786', 'like', 144),
('rshewz5759', 'love', 144),
('rleatherbarrow1v9573', 'haha', 145),
('rshewz5759', 'like', 145),
('dlishmanp627', 'angry', 146),
('apenvardena5741', 'like', 147),
('cmcindrew1q3255', 'love', 149),
('bwitherdon1u2772', 'angry', 149),
('dlishmanp627', 'like', 150),
('cmcindrew1q3255', 'haha', 150)


/*       post comment     */

insert into post_comment (comment_id, reply_count, post_id) 
values 
(1, 0, 9),
(2, 0, 12),
(3, 0, 24),
(4, 0, 7),
(5, 3, 22),
(6, 0, 8),
(7, 2, 12),
(8, 1, 1),
(9, 1, 2),
(10, 0, 28),
(11, 3, 21),
(12, 3, 2),
(13, 1, 3),
(14, 0, 5),
(15, 0, 17),
(16, 2, 20),
(17, 2, 21),
(18, 0, 9),
(19, 0, 5),
(20, 2, 28),
(21, 1, 14),
(22, 0, 14),
(23, 1, 29),
(24, 0, 4),
(25, 2, 9),
(26, 2, 19),
(27, 0, 27),
(28, 2, 21),
(29, 0, 17),
(30, 1, 22),
(31, 3, 23),
(32, 1, 19),
(33, 2, 3),
(34, 0, 24),
(35, 2, 3),
(36, 1, 14),
(37, 1, 3),
(38, 3, 4),
(39, 1, 10),
(40, 1, 12),
(41, 0, 22),
(42, 1, 28),
(43, 0, 2),
(44, 0, 25),
(45, 0, 25),
(46, 0, 5),
(47, 3, 20),
(48, 0, 30),
(49, 0, 14),
(50, 2, 25),
(51, 1, 10),
(52, 1, 28),
(53, 1, 19),
(54, 3, 10),
(55, 0, 27),
(56, 1, 30),
(57, 3, 20),
(58, 0, 20),
(59, 0, 28),
(60, 0, 20),
(61, 2, 2),
(62, 0, 24),
(63, 1, 4),
(64, 1, 4),
(65, 3, 14),
(66, 0, 9),
(67, 2, 10),
(68, 1, 27),
(69, 0, 30),
(70, 1, 25),
(71, 2, 30),
(72, 2, 27),
(73, 0, 29),
(74, 1, 29)

/*      Comment Reply     */

insert into comment_reply (reply_id, comment_id) 
values 
(75, 32),
(76, 51),
(77, 5),
(78, 31),
(79, 9),
(80, 39),
(81, 31),
(82, 50),
(83, 26),
(84, 38),
(85, 74),
(86, 54),
(87, 54),
(88, 12),
(89, 20),
(90, 25),
(91, 23),
(92, 30),
(93, 12),
(94, 47),
(95, 38),
(96, 54),
(97, 17),
(98, 50),
(99, 56),
(100, 11),
(101, 61),
(102, 65),
(103, 64),
(104, 31),
(105, 67),
(106, 38),
(107, 11),
(108, 35),
(109, 21),
(110, 25),
(111, 33),
(112, 57),
(113, 17),
(114, 28),
(115, 52),
(116, 47),
(117, 63),
(118, 36),
(119, 33),
(120, 53),
(121, 67),
(122, 16),
(123, 7),
(124, 71),
(125, 61),
(126, 35),
(127, 71),
(128, 42),
(129, 70),
(130, 40),
(131, 26),
(132, 28),
(133, 37),
(134, 57),
(135, 20),
(136, 72),
(137, 47),
(138, 57),
(139, 5),
(140, 72),
(141, 7),
(142, 65),
(143, 11),
(144, 68),
(145, 65),
(146, 12),
(147, 8),
(148, 5),
(149, 16),
(150, 13)

/*        Post reaction       */

insert into post_user_reaction (user_id, reaction_type, post_id) 
values 
('alevis07232', 'haha', 1),
('isimeone64503', 'love', 1),
('wmaccartney23567', 'love', 1),
('ffoulks11785', 'sad', 1),
('mschiraki6805', 'haha', 2),
('erihanek1b5786', 'love', 2),
('rbatterham1d5012', 'love', 2),
('cmcindrew1q3255', 'haha', 2),
('nmcavinchey2b8857', 'like', 2),
('bfleckness2i2210', 'haha', 2),
('blamers2p3435', 'like', 3),
('bfleckness2i2210', 'sad', 3),
('isimeone64503', 'like', 3),
('mschiraki6805', 'sad', 3),
('rbatterham1d5012', 'haha', 3),
('jtumioto262402', 'sad', 3),
('vdarycott1k8454', 'angry', 3),
('ckitchin2d8651', 'angry', 4),
('gcritzen2g4781', 'like', 4),
('bnowlan1x613', 'sad', 4),
('bfleckness2i2210', 'angry', 4),
('tradband295267', 'like', 4),
('lmugglestonw8132', 'like', 4),
('kdyerson33988', 'love', 4),
('alevis07232', 'haha', 4),
('mschiraki6805', 'like', 4),
('nlowrys2349', 'haha', 4),
('nlowrys2349', 'haha', 5),
('kshaylorn1312', 'love', 5),
('bmorrillyh903', 'like', 5),
('dfominov197311', 'sad', 5),
('lgladwell11975', 'sad', 5),
('ckitchin2d8651', 'haha', 5),
('lcrocetto1s810', 'love', 5),
('bmorrillyh903', 'haha', 6),
('erihanek1b5786', 'haha', 6),
('jchoke1l1707', 'angry', 6),
('nlowrys2349', 'like', 6),
('tmott1a4762', 'angry', 6),
('mschleicher1p1553', 'like', 6),
('zdu1w5081', 'haha', 6),
('ililly228101', 'love', 6),
('adorcey2n3560', 'love', 7),
('ahanington27348', 'sad', 7),
('efenkel101909', 'sad', 7),
('isimeone64503', 'angry', 7),
('ffoulks11785', 'haha', 7),
('vrigneyl7236', 'angry', 7),
('ssuddock125420', 'haha', 7),
('mhouldey1g9925', 'haha', 7),
('mdales1y2744', 'like', 7),
('ahanington27348', 'love', 8),
('adorcey2n3560', 'like', 8),
('gashnessj5870', 'love', 8),
('wmaccartney23567', 'haha', 9),
('ililly228101', 'like', 9),
('rshewz5759', 'haha', 9),
('wmacdermand1e5059', 'angry', 9),
('hthickett1o6893', 'love', 9),
('rcullinan1z9758', 'sad', 9),
('cbracher247304', 'love', 9),
('czambonini288433', 'haha', 10),
('nmcavinchey2b8857', 'haha', 10),
('hthickett1o6893', 'haha', 10),
('efenkel101909', 'love', 10),
('ililly228101', 'like', 10),
('tradband295267', 'haha', 10),
('cmcindrew1q3255', 'haha', 10),
('fbattersby2r9845', 'love', 11),
('citzak2q9923', 'love', 11),
('blamers2p3435', 'haha', 11),
('adorcey2n3560', 'haha', 11),
('rwarner2l728', 'love', 11),
('ccuttell2k8806', 'sad', 11),
('gcritzen2g4781', 'love', 11),
('mjellico2f6236', 'love', 11),
('ililly228101', 'love', 12),
('bhamfleet211535', 'sad', 12),
('blangmead207918', 'angry', 13),
('rcullinan1z9758', 'haha', 13),
('zdu1w5081', 'angry', 13),
('lcrocetto1s810', 'love', 13),
('efrancombe1r3224', 'like', 13),
('bogormally1n5833', 'angry', 13),
('lchappelow1h2143', 'love', 14),
('mingilson1f2346', 'angry', 14),
('ibaldrick17354', 'sad', 14),
('lmugglestonw8132', 'haha', 14),
('gmccrillisu1343', 'haha', 14),
('nlowrys2349', 'love', 14),
('dcollettm2035', 'haha', 14),
('mgennerich79936', 'love', 15),
('alevis07232', 'sad', 15),
('ffoulks11785', 'angry', 15),
('gashnessj5870', 'angry', 15),
('kshaylorn1312', 'sad', 15),
('acoursono4141', 'like', 15),
('dlishmanp627', 'love', 15),
('caceyq9430', 'love', 15),
('nlowrys2349', 'love', 16),
('rrallint138', 'like', 16),
('gmccrillisu1343', 'haha', 16),
('hslaytonx2593', 'like', 16),
('rshewz5759', 'love', 16),
('bborton134228', 'haha', 16),
('cbarta146433', 'like', 16),
('dtytler151479', 'sad', 16),
('rgert168644', 'love', 17),
('bsaggers187756', 'haha', 17),
('dfominov197311', 'love', 17),
('tmott1a4762', 'love', 17),
('lchappelow1h2143', 'love', 17),
('jlongthorn1j1884', 'haha', 17),
('vdarycott1k8454', 'like', 18),
('jchoke1l1707', 'like', 19),
('hthickett1o6893', 'sad', 19),
('efrancombe1r3224', 'love', 19),
('jhabgood1t929', 'angry', 19),
('rleatherbarrow1v9573', 'sad', 19),
('zdu1w5081', 'sad', 19),
('mdales1y2744', 'angry', 19),
('bhamfleet211535', 'like', 19),
('jtumioto262402', 'angry', 19),
('ahanington27348', 'haha', 20),
('czambonini288433', 'haha', 20),
('hmahady2a879', 'love', 20),
('nmcavinchey2b8857', 'haha', 20),
('ckitchin2d8651', 'like', 20),
('mjellico2f6236', 'like', 20),
('koatley2e3741', 'love', 20),
('kscouler2h9869', 'like', 20),
('bfleckness2i2210', 'love', 20),
('ccuttell2k8806', 'angry', 21),
('jmulleary2m2116', 'love', 21),
('adorcey2n3560', 'angry', 22),
('sjoesbury2o8846', 'like', 22),
('blamers2p3435', 'haha', 22),
('citzak2q9923', 'love', 22),
('fbattersby2r9845', 'like', 22),
('ffoulks11785', 'love', 23),
('wmaccartney23567', 'haha', 23),
('kdyerson33988', 'sad', 23),
('dbennionc7305', 'angry', 24),
('tsearlf887', 'love', 25),
('jgraalmang6123', 'like', 25),
('bmorrillyh903', 'love', 25),
('mschiraki6805', 'like', 25),
('gashnessj5870', 'sad', 25),
('efenkel101909', 'like', 25),
('bborton134228', 'like', 25),
('dtytler151479', 'sad', 25),
('rgert168644', 'love', 25),
('ibaldrick17354', 'love', 25),
('ibaldrick17354', 'sad', 26),
('mingilson1f2346', 'haha', 26),
('mhouldey1g9925', 'sad', 26),
('mgennerich79936', 'sad', 26),
('cmcavey82681', 'angry', 26),
('apenvardena5741', 'sad', 26),
('dbennionc7305', 'angry', 26),
('alevis07232', 'angry', 26),
('caceyq9430', 'sad', 27),
('blangmead207918', 'like', 27),
('ililly228101', 'haha', 27),
('lsillwood231861', 'haha', 27),
('cbracher247304', 'haha', 27),
('nhearne258989', 'sad', 27),
('tradband295267', 'sad', 27),
('nmcavinchey2b8857', 'haha', 27),
('mtanswell2c9664', 'haha', 27),
('mjellico2f6236', 'sad', 28),
('adorcey2n3560', 'love', 28),
('lsillwood231861', 'sad', 28),
('blangmead207918', 'like', 28),
('dbennionc7305', 'like', 28),
('fbattersby2r9845', 'sad', 28),
('mschiraki6805', 'sad', 28),
('dbennionc7305', 'sad', 29),
('dlishmanp627', 'like', 29),
('caceyq9430', 'like', 29),
('rrallint138', 'haha', 29),
('lmugglestonw8132', 'like', 29),
('kpeacockey2070', 'love', 29),
('lgladwell11975', 'haha', 30),
('dtytler151479', 'sad', 30),
('erihanek1b5786', 'like', 30),
('rbatterham1d5012', 'like', 30),
('jchoke1l1707', 'haha', 30),
('jchoke1l1707', 'love', 31),
('mschiraki6805', 'haha', 32),
('vdarycott1k8454', 'like', 35),
('mschiraki6805', 'sad', 35)

/*         Topic          */

insert into topic (topic_id, topic_title, follower_count) 
values 
(1, 'Truth or Dare', 66),
(2, 'Chicken Tenders', 21),
(3, 'Superheroes', 100),
(4, 'Pop Art', 62),
(5, 'Car Theme', 44),
(6, 'K-Pop Party', 95),
(7, 'Music', 36),
(8, 'Espresso Martini', 35),
(9, 'Education', 24),
(10, 'Science', 45)

/*       Topic_follower         */

insert into topic_follower (follower_id, topic_id) 
values 
('alevis07232', 7),
('ffoulks11785', 7),
('wmaccartney23567', 6),
('kdyerson33988', 3),
('csimmonds43327', 2),
('mtrowill58157', 2),
('isimeone64503', 10),
('mgennerich79936', 9),
('cmcavey82681', 2),
('ccurner91113', 2),
('apenvardena5741', 3),
('ymcbrideb6010', 3),
('dbennionc7305', 9),
('tkochsd6968', 6),
('rroote3983', 9),
('tsearlf887', 5),
('jgraalmang6123', 9),
('bmorrillyh903', 10),
('mschiraki6805', 2),
('gashnessj5870', 3),
('zmacallamk9197', 4),
('vrigneyl7236', 4),
('dcollettm2035', 4),
('kshaylorn1312', 2),
('acoursono4141', 6),
('dlishmanp627', 5),
('caceyq9430', 7),
('tbaylayr6742', 7),
('nlowrys2349', 3),
('rrallint138', 4),
('gmccrillisu1343', 7),
('mcussonsv3574', 1),
('lmugglestonw8132', 4),
('hslaytonx2593', 1),
('kpeacockey2070', 9),
('rshewz5759', 7),
('efenkel101909', 10),
('lgladwell11975', 9),
('ssuddock125420', 9),
('bborton134228', 6),
('cbarta146433', 8),
('dtytler151479', 10),
('rgert168644', 8),
('ibaldrick17354', 4),
('bsaggers187756', 5),
('dfominov197311', 1),
('tmott1a4762', 6),
('erihanek1b5786', 2),
('khathaway1c8640', 6),
('rbatterham1d5012', 9),
('wmacdermand1e5059', 6),
('mingilson1f2346', 3),
('mhouldey1g9925', 9),
('lchappelow1h2143', 2),
('ataunton1i8242', 1),
('jlongthorn1j1884', 6),
('vdarycott1k8454', 10),
('jchoke1l1707', 1),
('hcharity1m9672', 7),
('bogormally1n5833', 9),
('hthickett1o6893', 7),
('mschleicher1p1553', 4),
('cmcindrew1q3255', 6),
('efrancombe1r3224', 4),
('lcrocetto1s810', 9),
('jhabgood1t929', 4),
('bwitherdon1u2772', 10),
('rleatherbarrow1v9573', 2),
('zdu1w5081', 9),
('bnowlan1x613', 9),
('mdales1y2744', 1),
('rcullinan1z9758', 3),
('blangmead207918', 8),
('bhamfleet211535', 2),
('ililly228101', 7),
('lsillwood231861', 8),
('cbracher247304', 6),
('nhearne258989', 10),
('jtumioto262402', 1),
('ahanington27348', 2),
('czambonini288433', 7),
('tradband295267', 6),
('hmahady2a879', 2),
('nmcavinchey2b8857', 3),
('mtanswell2c9664', 6),
('ckitchin2d8651', 4),
('koatley2e3741', 4),
('mjellico2f6236', 10),
('gcritzen2g4781', 6),
('kscouler2h9869', 5),
('bfleckness2i2210', 10),
('hklimkiewich2j3172', 10),
('ccuttell2k8806', 9),
('rwarner2l728', 9),
('jmulleary2m2116', 9),
('adorcey2n3560', 1),
('sjoesbury2o8846', 10),
('blamers2p3435', 7),
('citzak2q9923', 7),
('fbattersby2r9845', 10)

/*       topic_post      */

insert into topic_post (post_id, topic_id) 
values 
(1, 3),
(3, 6),
(5, 10),
(7, 8),
(9, 5),
(11, 10),
(13, 7),
(15, 3),
(17, 7),
(19, 1),
(21, 9),
(23, 8),
(25, 4),
(27, 8),
(29, 2)